BEGIN;

-- faculty
INSERT INTO heatingsystem.faculty(id, creation_date, update_date, name)
VALUES ('71474bae-99a6-11ed-a8fc-0242ac120002', now(), now(), 'EAIIB');

-- building
INSERT INTO heatingsystem.building(id, creation_date, update_date, description, faculty_id)
VALUES ('f7c287ba-99ac-11ed-a8fc-0242ac120002', now(), now(), 'C2', '71474bae-99a6-11ed-a8fc-0242ac120002');

-- floor
INSERT INTO heatingsystem.floor(id, creation_date, update_date, floor_json_path, floor_number, building_id)
VALUES ('e7e840fe-99ad-11ed-a8fc-0242ac120002', now(), now(), 'building_1_floor_1.json', 1,
        'f7c287ba-99ac-11ed-a8fc-0242ac120002'),
       ('109b304c-99ae-11ed-a8fc-0242ac120002', now(), now(), 'building_1_floor_2.json', 2,
        'f7c287ba-99ac-11ed-a8fc-0242ac120002'),
       ('731b26af-9fad-409d-9bcd-22f7c873f867', now(), now(), 'building_1_floor_3.json', 3,
        'f7c287ba-99ac-11ed-a8fc-0242ac120002');

INSERT INTO heatingsystem.room(id, creation_date, update_date, connected_wall_width_in_meters, description,
                               height_in_meters, not_connected_wall_length_in_meters,
                               radiation_power_in_watts_per_square_meters, thermal_conductivity, wall_thickness,
                               building_id, floor_id, room_json_path, is_radiator_on, temperature_in_celsius)
VALUES ('7e951bd0-99ae-11ed-a8fc-0242ac120002', now(), now(), 6.0, 'C2:101', 2.0, 10.0, 10000.0, 0.26, 0.2,
        'f7c287ba-99ac-11ed-a8fc-0242ac120002', 'e7e840fe-99ad-11ed-a8fc-0242ac120002', 'room_1.json', false, 16.0),
       ('580db401-0553-4cb0-a812-9431f2960510', now(), now(), 6.0, 'C2:102', 2.0, 10.0, 10000.0, 0.26, 0.2,
        'f7c287ba-99ac-11ed-a8fc-0242ac120002', 'e7e840fe-99ad-11ed-a8fc-0242ac120002', 'room_2.json', false, 16.0),
       ('6763878c-715c-4720-94ee-3d09091ddb15', now(), now(), 6.0, 'C2:102', 2.0, 10.0, 10000.0, 0.26, 0.2,
        'f7c287ba-99ac-11ed-a8fc-0242ac120002', 'e7e840fe-99ad-11ed-a8fc-0242ac120002', 'room_3.json', false, 16.0),
       ('4d9b9641-21a1-44ac-b014-31910d2a3824', now(), now(), 6.0, 'C2:101', 2.0, 10.0, 10000.0, 0.26, 0.2,
        'f7c287ba-99ac-11ed-a8fc-0242ac120002', '109b304c-99ae-11ed-a8fc-0242ac120002', 'room_4.json', false, 16.0),
       ('aead66eb-0519-423e-af1e-37b3bab66584', now(), now(), 6.0, 'C2:102', 2.0, 10.0, 10000.0, 0.26, 0.2,
        'f7c287ba-99ac-11ed-a8fc-0242ac120002', '109b304c-99ae-11ed-a8fc-0242ac120002', 'room_5.json', false, 16.0),
       ('41ea674d-17a2-48f5-96aa-7573d4241206', now(), now(), 6.0, 'C2:102', 2.0, 10.0, 10000.0, 0.26, 0.2,
        'f7c287ba-99ac-11ed-a8fc-0242ac120002', '109b304c-99ae-11ed-a8fc-0242ac120002', 'room_6.json', false, 16.0),
       ('30f1a2c9-206d-4f85-a795-ba3ee88b1c5b', now(), now(), 6.0, 'C2:101', 2.0, 10.0, 10000.0, 0.26, 0.2,
        'f7c287ba-99ac-11ed-a8fc-0242ac120002', '731b26af-9fad-409d-9bcd-22f7c873f867', 'room_7.json', false, 16.0),
       ('a2cfbf3c-7610-4b55-8e17-050e1c392d26', now(), now(), 6.0, 'C2:102', 2.0, 10.0, 10000.0, 0.26, 0.2,
        'f7c287ba-99ac-11ed-a8fc-0242ac120002', '731b26af-9fad-409d-9bcd-22f7c873f867', 'room_8.json', false, 16.0),
       ('1a27309a-0bb3-4199-ab2e-b9d79f2f5f63', now(), now(), 6.0, 'C2:102', 2.0, 10.0, 10000.0, 0.26, 0.2,
        'f7c287ba-99ac-11ed-a8fc-0242ac120002', '731b26af-9fad-409d-9bcd-22f7c873f867', 'room_9.json', false, 16.0);

-- INSERT INTO heatingsystem.room_temperature_info(room_id, creation_date, update_date, is_radiator_on, id, temperature_in_celsius)
-- VALUES ('580db401-0553-4cb0-a812-9431f2960510', '2022-12-02T10:20:50.509628', '2022-12-02T10:20:50.509628', true, '63e93d9a-99b1-11ed-a8fc-0242ac120002', 1.1020408163265074),
--        ('7e951bd0-99ae-11ed-a8fc-0242ac120002', '2022-12-02T10:20:50.509628', '2022-12-02T10:20:50.509628', false,'63e9477c-99b1-11ed-a8fc-0242ac120002',  1.0000183256976243),
--        ('580db401-0553-4cb0-a812-9431f2960510', '2022-12-02T10:25:50.509628', '2022-12-02T10:25:50.509628', true, '63e94948-99b1-11ed-a8fc-0242ac120002', 1.2040031251569872),
--        ('7e951bd0-99ae-11ed-a8fc-0242ac120002', '2022-12-02T10:25:50.509628', '2022-12-02T10:25:50.509628', false,'63e94baa-99b1-11ed-a8fc-0242ac120002',  1.0000447526631433),
--        ('580db401-0553-4cb0-a812-9431f2960510', '2022-12-02T10:30:50.509628', '2022-12-02T10:30:50.509628', true, '63e94d62-99b1-11ed-a8fc-0242ac120002', 1.3058869875389405),
--        ('7e951bd0-99ae-11ed-a8fc-0242ac120002', '2022-12-02T10:30:50.509628', '2022-12-02T10:30:50.509628', false,'63e94f38-99b1-11ed-a8fc-0242ac120002',  1.0000792684198245),
--        ('580db401-0553-4cb0-a812-9431f2960510', '2022-12-02T10:35:50.509628', '2022-12-02T10:35:50.509628', true, '63e95168-99b1-11ed-a8fc-0242ac120002', 1.4076924644719497),
--        ('7e951bd0-99ae-11ed-a8fc-0242ac120002', '2022-12-02T10:35:50.509628', '2022-12-02T10:35:50.509628', false,'63e9564a-99b1-11ed-a8fc-0242ac120002',  1.0001218605053737),
--        ('580db401-0553-4cb0-a812-9431f2960510', '2022-12-02T10:40:50.509628', '2022-12-02T10:40:50.509628', true, '63e957c6-99b1-11ed-a8fc-0242ac120002', 1.5094196169075644),
--        ('7e951bd0-99ae-11ed-a8fc-0242ac120002', '2022-12-02T10:40:50.509628', '2022-12-02T10:40:50.509628', false,'63e958f2-99b1-11ed-a8fc-0242ac120002',  1.0001725164719915),
--        ('580db401-0553-4cb0-a812-9431f2960510', '2022-12-02T10:45:50.509628', '2022-12-02T10:45:50.509628', true, '63e95a14-99b1-11ed-a8fc-0242ac120002', 1.6110685057495289),
--        ('7e951bd0-99ae-11ed-a8fc-0242ac120002', '2022-12-02T10:45:50.509628', '2022-12-02T10:45:50.509628', false,'63e95b36-99b1-11ed-a8fc-0242ac120002',  1.000231223886317),
--        ('580db401-0553-4cb0-a812-9431f2960510', '2022-12-02T10:50:50.509628', '2022-12-02T10:50:50.509628', true, '63e95c58-99b1-11ed-a8fc-0242ac120002', 1.7126391918537252),
--        ('7e951bd0-99ae-11ed-a8fc-0242ac120002', '2022-12-02T10:50:50.509628', '2022-12-02T10:50:50.509628', false,'63e95d70-99b1-11ed-a8fc-0242ac120002',  1.0002979703293136),
--        ('580db401-0553-4cb0-a812-9431f2960510', '2022-12-02T10:55:50.509628', '2022-12-02T10:55:50.509628', true, '63e95f1e-99b1-11ed-a8fc-0242ac120002', 1.81413173602823),
--        ('7e951bd0-99ae-11ed-a8fc-0242ac120002', '2022-12-02T10:55:50.509628', '2022-12-02T10:55:50.509628', false,'63e96360-99b1-11ed-a8fc-0242ac120002',  1.00037274339644),
--        ('580db401-0553-4cb0-a812-9431f2960510', '2022-12-02T11:00:50.509628', '2022-12-02T11:00:50.509628', true, '63e9650e-99b1-11ed-a8fc-0242ac120002', 1.915546199033372);

INSERT INTO heatingsystem.room_neighbour_rooms(room_id, neighbour_rooms_id)
VALUES ('7e951bd0-99ae-11ed-a8fc-0242ac120002', '580db401-0553-4cb0-a812-9431f2960510'),
       ('7e951bd0-99ae-11ed-a8fc-0242ac120002', '4d9b9641-21a1-44ac-b014-31910d2a3824'),
       ('580db401-0553-4cb0-a812-9431f2960510', '7e951bd0-99ae-11ed-a8fc-0242ac120002'),
       ('580db401-0553-4cb0-a812-9431f2960510', '6763878c-715c-4720-94ee-3d09091ddb15'),
       ('580db401-0553-4cb0-a812-9431f2960510', 'aead66eb-0519-423e-af1e-37b3bab66584'),
       ('6763878c-715c-4720-94ee-3d09091ddb15', '580db401-0553-4cb0-a812-9431f2960510'),
       ('6763878c-715c-4720-94ee-3d09091ddb15', '41ea674d-17a2-48f5-96aa-7573d4241206'),
       ('4d9b9641-21a1-44ac-b014-31910d2a3824', '7e951bd0-99ae-11ed-a8fc-0242ac120002'),
       ('4d9b9641-21a1-44ac-b014-31910d2a3824', 'aead66eb-0519-423e-af1e-37b3bab66584'),
       ('4d9b9641-21a1-44ac-b014-31910d2a3824', '30f1a2c9-206d-4f85-a795-ba3ee88b1c5b'),
       ('aead66eb-0519-423e-af1e-37b3bab66584', '4d9b9641-21a1-44ac-b014-31910d2a3824'),
       ('aead66eb-0519-423e-af1e-37b3bab66584', '41ea674d-17a2-48f5-96aa-7573d4241206'),
       ('aead66eb-0519-423e-af1e-37b3bab66584', '580db401-0553-4cb0-a812-9431f2960510'),
       ('aead66eb-0519-423e-af1e-37b3bab66584', 'a2cfbf3c-7610-4b55-8e17-050e1c392d26'),
       ('41ea674d-17a2-48f5-96aa-7573d4241206', 'aead66eb-0519-423e-af1e-37b3bab66584'),
       ('41ea674d-17a2-48f5-96aa-7573d4241206', '1a27309a-0bb3-4199-ab2e-b9d79f2f5f63'),
       ('41ea674d-17a2-48f5-96aa-7573d4241206', '6763878c-715c-4720-94ee-3d09091ddb15'),
       ('30f1a2c9-206d-4f85-a795-ba3ee88b1c5b', 'a2cfbf3c-7610-4b55-8e17-050e1c392d26'),
       ('30f1a2c9-206d-4f85-a795-ba3ee88b1c5b', '4d9b9641-21a1-44ac-b014-31910d2a3824'),
       ('a2cfbf3c-7610-4b55-8e17-050e1c392d26', '1a27309a-0bb3-4199-ab2e-b9d79f2f5f63'),
       ('a2cfbf3c-7610-4b55-8e17-050e1c392d26', '30f1a2c9-206d-4f85-a795-ba3ee88b1c5b'),
       ('a2cfbf3c-7610-4b55-8e17-050e1c392d26', 'aead66eb-0519-423e-af1e-37b3bab66584'),
       ('1a27309a-0bb3-4199-ab2e-b9d79f2f5f63', 'a2cfbf3c-7610-4b55-8e17-050e1c392d26'),
       ('1a27309a-0bb3-4199-ab2e-b9d79f2f5f63', '41ea674d-17a2-48f5-96aa-7573d4241206');

COMMIT;
